-- phpMyAdmin SQL Dump
-- version 5.2.0
-- https://www.phpmyadmin.net/
--
-- Host: 127.0.0.1
-- Generation Time: Dec 25, 2022 at 03:11 PM
-- Server version: 10.4.24-MariaDB
-- PHP Version: 7.4.29

SET SQL_MODE = "NO_AUTO_VALUE_ON_ZERO";
START TRANSACTION;
SET time_zone = "+00:00";


/*!40101 SET @OLD_CHARACTER_SET_CLIENT=@@CHARACTER_SET_CLIENT */;
/*!40101 SET @OLD_CHARACTER_SET_RESULTS=@@CHARACTER_SET_RESULTS */;
/*!40101 SET @OLD_COLLATION_CONNECTION=@@COLLATION_CONNECTION */;
/*!40101 SET NAMES utf8mb4 */;

--
-- Database: `lms_mbkm`
--

-- --------------------------------------------------------

--
-- Table structure for table `activity`
--

CREATE TABLE `activity` (
  `Id` int(11) NOT NULL,
  `NIP` varchar(15) DEFAULT NULL,
  `Nama` varchar(30) NOT NULL,
  `Kode_Dosen` varchar(10) NOT NULL,
  `Course_View` int(5) NOT NULL,
  `Resouce` varchar(50) NOT NULL,
  `Activity` varchar(100) NOT NULL,
  `Sum_Resource_Activity` int(5) DEFAULT NULL
) ENGINE=InnoDB DEFAULT CHARSET=utf8mb4;

--
-- Dumping data for table `activity`
--

INSERT INTO `activity` (`Id`, `NIP`, `Nama`, `Kode_Dosen`, `Course_View`, `Resouce`, `Activity`, `Sum_Resource_Activity`) VALUES
(1, '06830027-1', 'ANGELINA PRIMA KURNIATI', 'APK', 35, 'Label(0)Page(3)File(2)URL(0)', 'Assigement(0)Quiz(7)Forum(31)H5P(0)Active Quiz(0)Wiki(0)Chat(0)Feedback(0)VPL(0)', 44),
(2, '19580825-6', 'AHMAN SUTARDI', 'AST', 13, 'Label(0)Page(0)File(0)URL(0)', 'Assigement(0)Quiz(6)Forum(12)H5P(0)Active Quiz(0)Wiki(0)Chat(0)Feedback(0)VPL(0)', 18),
(3, '218985994-6', 'AMARILIS PUTRI YANUARIFIANI', 'APY', 80, 'Label(0)Page(0)File(9)URL(0)', 'Assigement(21)Quiz(24)Forum(20)H5P(0)Active Quiz(0)Wiki(0)Chat(0)Feedback(0)VPL(0)', 74),
(4, '21950003-3', 'ADITYA FIRMAN IHSAN', 'FMH', 69, 'Label(0)Page(0)File(17)URL(0)', 'Assigement(91)Quiz(158)Forum(27)H5P(286)Active Quiz(0)Wiki(0)Chat(0)Feedback(0)VPL(0)', 579);

-- --------------------------------------------------------

--
-- Table structure for table `admin`
--

CREATE TABLE `admin` (
  `users` int(11) NOT NULL,
  `username` varchar(50) NOT NULL,
  `password` varchar(50) NOT NULL,
  `Pembaruhan` datetime NOT NULL
) ENGINE=InnoDB DEFAULT CHARSET=latin1;

--
-- Dumping data for table `admin`
--

INSERT INTO `admin` (`users`, `username`, `password`, `Pembaruhan`) VALUES
(1, 'admin', 'admin@@', '2019-11-11 03:33:36');

-- --------------------------------------------------------

--
-- Table structure for table `agenda`
--

CREATE TABLE `agenda` (
  `id` int(11) NOT NULL,
  `title` varchar(255) NOT NULL,
  `start_event` datetime NOT NULL,
  `end_event` datetime NOT NULL
) ENGINE=InnoDB DEFAULT CHARSET=latin1;

--
-- Dumping data for table `agenda`
--

INSERT INTO `agenda` (`id`, `title`, `start_event`, `end_event`) VALUES
(1, 'Meeting With Dedi', '2022-10-08 12:00:00', '2022-10-08 13:00:00');

-- --------------------------------------------------------

--
-- Table structure for table `calendar`
--

CREATE TABLE `calendar` (
  `id` int(11) NOT NULL,
  `title` varchar(126) DEFAULT NULL,
  `description` text DEFAULT NULL,
  `color` varchar(24) DEFAULT NULL,
  `start_date` date DEFAULT NULL,
  `end_date` date DEFAULT NULL,
  `create_at` datetime DEFAULT NULL,
  `create_by` varchar(64) DEFAULT NULL,
  `modified_at` datetime DEFAULT NULL,
  `modified_by` varchar(64) DEFAULT NULL
) ENGINE=InnoDB DEFAULT CHARSET=latin1;

--
-- Dumping data for table `calendar`
--

INSERT INTO `calendar` (`id`, `title`, `description`, `color`, `start_date`, `end_date`, `create_at`, `create_by`, `modified_at`, `modified_by`) VALUES
(74, 'Jangan Nunggu Deadline ya :)', '', '#FF0000', '2022-12-22', '2022-12-23', '2022-12-22 08:01:46', NULL, '2022-12-22 08:04:24', NULL),
(75, 'Pelantikan Ketua Ormawa', 'Pelantikan Birokrasi', '#0071c5', '2022-12-23', '2022-12-24', '2022-12-22 12:30:43', NULL, NULL, NULL);

-- --------------------------------------------------------

--
-- Table structure for table `customers`
--

CREATE TABLE `customers` (
  `id` int(10) UNSIGNED NOT NULL,
  `faculty_id` varchar(10) NOT NULL,
  `program_id` varchar(10) NOT NULL,
  `course_id` varchar(10) NOT NULL,
  `total_activity` varchar(50) NOT NULL DEFAULT '''''',
  `class` varchar(50) NOT NULL DEFAULT '',
  `activity` varchar(10) NOT NULL
) ENGINE=InnoDB DEFAULT CHARSET=utf8;

--
-- Dumping data for table `customers`
--

INSERT INTO `customers` (`id`, `faculty_id`, `program_id`, `course_id`, `total_activity`, `class`, `activity`) VALUES
(1, 'AYT-1', 'PRG-1', 'CRS-1', '1', 'IF-1', 'Activity-1'),
(123, 'AYT-2', 'PRG-2', 'CRS-2', '1', 'IF-2', 'Activity-3'),
(124, 'AYT-3', 'PRG-3', 'CRS-3', '1', 'IF-3', 'Activity-5'),
(125, 'AYT-4', 'PRG-4', 'CRS-4', '1', 'IF-4', 'Activity-1'),
(126, 'AYT-5', 'PRG-5', 'CRS-5', '1', 'IF-5', 'Activity-1'),
(127, 'BYT-1', 'BRG-1', 'BRS-1', '1', 'SI-1', 'Activity-4'),
(128, 'BYT-2', 'BRG-2', 'BRS-2', '1', 'SI-2', 'Activity-1'),
(129, 'BYT-3', 'BRG-3', 'BRS-3', '1', 'SI-3', 'Activity-2'),
(130, 'BYT-4', 'BRG-4', 'BRS-4', '1', 'SI-4', 'Activity-1'),
(131, 'BYT-5', 'BRG-5', 'BRS-5', '1', 'SI-5', 'Activity-4'),
(132, 'CYT-1', 'CRG-1', 'CRA-1', '1', 'TKJ-1', 'Activity-1'),
(133, 'CYT-2', 'CRG-2', 'CRA-2', '1', 'TKJ-2', 'Activity-2'),
(134, 'CYT-3', 'CRG-3', 'CRA-3', '1', 'TKJ-3', 'Activity-3'),
(135, 'CYT-4', 'CRG-4', 'CRA-4', '1', 'TKJ-4', 'Activity-1'),
(136, 'CYT-5', 'CRG-5', 'CRA-5', '1', 'TKJ-5', 'Activity-5');

-- --------------------------------------------------------

--
-- Table structure for table `db_absensi`
--

CREATE TABLE `db_absensi` (
  `id_absen` bigint(20) NOT NULL,
  `kode_absen` varchar(100) NOT NULL,
  `nama_pegawai` varchar(125) NOT NULL,
  `kode_pegawai` varchar(125) NOT NULL,
  `tgl_absen` varchar(125) NOT NULL,
  `jam_masuk` varchar(13) NOT NULL,
  `jam_pulang` varchar(13) NOT NULL,
  `status_pegawai` int(1) NOT NULL,
  `keterangan_absen` varchar(100) NOT NULL,
  `maps_absen` varchar(255) NOT NULL
) ENGINE=InnoDB DEFAULT CHARSET=latin1;

--
-- Dumping data for table `db_absensi`
--

INSERT INTO `db_absensi` (`id_absen`, `kode_absen`, `nama_pegawai`, `kode_pegawai`, `tgl_absen`, `jam_masuk`, `jam_pulang`, `status_pegawai`, `keterangan_absen`, `maps_absen`) VALUES
(3, 'absen_20221214445', 'Dedi Rosadi', '20552011053', 'Selasa, 13 Desember 2022', '10:43:10', '19:36:31', 2, 'Belajar Di Kampus', '-6.9244532, 107.6622627');

-- --------------------------------------------------------

--
-- Table structure for table `db_rememberme`
--

CREATE TABLE `db_rememberme` (
  `id_session` int(11) NOT NULL,
  `kode_pegawai` varchar(125) NOT NULL,
  `username` varchar(255) NOT NULL,
  `user_agent` varchar(35) NOT NULL,
  `agent_string` varchar(255) NOT NULL,
  `platform` varchar(128) NOT NULL,
  `user_ip` varchar(35) NOT NULL,
  `cookie_hash` varchar(255) NOT NULL,
  `expired` int(128) NOT NULL,
  `date_created` int(11) NOT NULL
) ENGINE=InnoDB DEFAULT CHARSET=utf8mb4;

-- --------------------------------------------------------

--
-- Table structure for table `db_setting`
--

CREATE TABLE `db_setting` (
  `status_setting` int(1) NOT NULL DEFAULT 0,
  `nama_instansi` varchar(255) NOT NULL,
  `jumbotron_lead_set` varchar(125) NOT NULL,
  `nama_app_absensi` varchar(20) NOT NULL DEFAULT 'Absensi Online',
  `logo_instansi` varchar(255) NOT NULL,
  `timezone` varchar(35) NOT NULL,
  `absen_mulai` varchar(13) NOT NULL,
  `absen_mulai_to` varchar(13) NOT NULL,
  `absen_pulang` varchar(13) NOT NULL,
  `maps_use` int(1) NOT NULL
) ENGINE=InnoDB DEFAULT CHARSET=latin1;

--
-- Dumping data for table `db_setting`
--

INSERT INTO `db_setting` (`status_setting`, `nama_instansi`, `jumbotron_lead_set`, `nama_app_absensi`, `logo_instansi`, `timezone`, `absen_mulai`, `absen_mulai_to`, `absen_pulang`, `maps_use`) VALUES
(1, 'TELKOM UNIVERSITY', 'Jl. Telekomunikasi. 1, Terusan Buahbatu - Bojongsoang, Telkom University, Sukapura, Kec. Dayeuhkolot, Kabupaten Bandung, Jawa', 'LMS TEL-U', 'c29a01e7627dba16a8d05b7c6eb3fcad.png', 'Asia/Jakarta', '06:30:00', '08:00:00', '16:00:00', 1);

-- --------------------------------------------------------

--
-- Table structure for table `tb_activity`
--

CREATE TABLE `tb_activity` (
  `activity` varchar(20) NOT NULL,
  `activity_1` int(50) NOT NULL,
  `activity_2` int(50) NOT NULL,
  `activity_3` int(50) NOT NULL,
  `activity_4` int(50) NOT NULL,
  `activity_5` int(50) NOT NULL
) ENGINE=InnoDB DEFAULT CHARSET=utf8mb4;

--
-- Dumping data for table `tb_activity`
--

INSERT INTO `tb_activity` (`activity`, `activity_1`, `activity_2`, `activity_3`, `activity_4`, `activity_5`) VALUES
('1', 10, 5, 3, 9, 2),
('2', 8, 3, 0, 3, 1),
('3', 5, 7, 3, 8, 8),
('4', 1, 3, 6, 6, 3);

-- --------------------------------------------------------

--
-- Table structure for table `tb_faculty`
--

CREATE TABLE `tb_faculty` (
  `faculty_id` varchar(20) NOT NULL,
  `nama_faculty` varchar(30) NOT NULL
) ENGINE=InnoDB DEFAULT CHARSET=utf8mb4;

--
-- Dumping data for table `tb_faculty`
--

INSERT INTO `tb_faculty` (`faculty_id`, `nama_faculty`) VALUES
('CS', 'CYBER SECURITY'),
('IF', 'FAKULTAS INFORMATIKA'),
('MI', 'MANAGEMENT INFORMATIKA'),
('SI', 'SISTEM INFROMASI');

-- --------------------------------------------------------

--
-- Table structure for table `tb_jadwal`
--

CREATE TABLE `tb_jadwal` (
  `id` int(11) NOT NULL,
  `title` varchar(200) NOT NULL,
  `date` date NOT NULL,
  `created` datetime NOT NULL,
  `modified` datetime NOT NULL,
  `status` tinyint(1) NOT NULL DEFAULT 1 COMMENT '1=Active, 0=Block'
) ENGINE=InnoDB DEFAULT CHARSET=utf8mb4;

--
-- Dumping data for table `tb_jadwal`
--

INSERT INTO `tb_jadwal` (`id`, `title`, `date`, `created`, `modified`, `status`) VALUES
(1, 'Tugas', '2022-10-19', '2022-10-19 11:13:13', '2022-10-19 11:13:13', 1),
(3, 'Jadwal', '2022-10-21', '2022-10-21 19:49:02', '2022-10-21 19:49:02', 1),
(4, 'Tugas RPL', '2022-10-22', '2022-10-22 20:19:48', '2022-10-22 20:19:48', 1),
(5, 'Tugas', '2022-10-22', '2022-10-22 18:29:51', '2022-10-22 18:29:51', 1);

-- --------------------------------------------------------

--
-- Table structure for table `tb_kelas`
--

CREATE TABLE `tb_kelas` (
  `id` int(11) NOT NULL,
  `faculty_id` varchar(20) NOT NULL,
  `program_id` varchar(20) NOT NULL,
  `semester_id` varchar(20) NOT NULL,
  `nama` varchar(25) NOT NULL,
  `kelas` varchar(20) NOT NULL,
  `activity` varchar(20) NOT NULL,
  `total` varchar(50) NOT NULL
) ENGINE=InnoDB DEFAULT CHARSET=utf8mb4;

--
-- Dumping data for table `tb_kelas`
--

INSERT INTO `tb_kelas` (`id`, `faculty_id`, `program_id`, `semester_id`, `nama`, `kelas`, `activity`, `total`) VALUES
(27, 'IF', 'PR2', 'S1', 'DEDI ROSADI', '1-IF-B', '4', '40'),
(28, 'SI', 'PR1', 'S3', 'ANNISA ADITSANIA', '1-IF-C', '3', '30'),
(29, 'CS', 'PR4', 'S4', 'ANAK AGUNG GEDE', '4-IF-D', '2', '20');

-- --------------------------------------------------------

--
-- Table structure for table `tb_nilai`
--

CREATE TABLE `tb_nilai` (
  `IdMhsw` int(11) NOT NULL,
  `Nama` varchar(150) DEFAULT NULL,
  `UTS` varchar(20) DEFAULT NULL,
  `UAS` varchar(20) DEFAULT NULL
) ENGINE=InnoDB DEFAULT CHARSET=latin1;

--
-- Dumping data for table `tb_nilai`
--

INSERT INTO `tb_nilai` (`IdMhsw`, `Nama`, `UTS`, `UAS`) VALUES
(16, 'Keamanan Jaringan', '97', '94'),
(17, 'System Mikroprocessor', '98', '98'),
(18, 'System Mikrokontroller', '96', '99');

-- --------------------------------------------------------

--
-- Table structure for table `tb_prodi`
--

CREATE TABLE `tb_prodi` (
  `program_id` varchar(20) NOT NULL,
  `faculty_id` varchar(20) NOT NULL,
  `nama` varchar(25) NOT NULL,
  `kelas` varchar(20) NOT NULL
) ENGINE=InnoDB DEFAULT CHARSET=utf8mb4;

--
-- Dumping data for table `tb_prodi`
--

INSERT INTO `tb_prodi` (`program_id`, `faculty_id`, `nama`, `kelas`) VALUES
('PR1', 'IF', 'DEDI ROSADI', '1-IF-A'),
('PR2', 'SI', 'ANNISA ADITSANIA', '1-IF-B'),
('PR3', 'CS', 'ANAK AGUNG GEDE', '1-IF-C'),
('PR4', 'MI', 'SITI NURJUBAEDAH', '4-IF-D');

-- --------------------------------------------------------

--
-- Table structure for table `tb_semester`
--

CREATE TABLE `tb_semester` (
  `semester_id` varchar(20) NOT NULL,
  `nama` varchar(25) NOT NULL
) ENGINE=InnoDB DEFAULT CHARSET=utf8mb4;

--
-- Dumping data for table `tb_semester`
--

INSERT INTO `tb_semester` (`semester_id`, `nama`) VALUES
('S1', 'SEMESTER 1'),
('S2', 'SEMESTER 2'),
('S3', 'SEMESTER 3'),
('S4', 'SEMESTER 4'),
('S5', 'SEMESTER 5');

-- --------------------------------------------------------

--
-- Table structure for table `tb_supplier`
--

CREATE TABLE `tb_supplier` (
  `id_supplier` int(10) NOT NULL,
  `nip` varchar(20) NOT NULL,
  `nama` varchar(20) DEFAULT NULL,
  `kode_dosen` varchar(200) DEFAULT NULL,
  `course_view` int(100) DEFAULT NULL,
  `resource` varchar(20) DEFAULT NULL,
  `activity` varchar(100) DEFAULT NULL,
  `sra` int(11) NOT NULL
) ENGINE=InnoDB DEFAULT CHARSET=utf8mb4;

--
-- Dumping data for table `tb_supplier`
--

INSERT INTO `tb_supplier` (`id_supplier`, `nip`, `nama`, `kode_dosen`, `course_view`, `resource`, `activity`, `sra`) VALUES
(5, '06830027-1', 'ANGELINA PRIMA KURNI', 'APK', 35, 'page 3', 'Assigement', 44),
(6, '19580825-6', 'AHMAN SUTARDI', 'AST', 20, 'Label 0', 'Quiz', 18),
(7, '218985994-6', 'AMARILIS PUTRI YANUA', 'APY', 50, 'File 9', 'Assigement 21', 72),
(8, '21950003-3', 'ADITYA FIRMAN IHSAN', 'FMH', 69, 'File62', 'Assigement11', 579),
(11, '15900046-1', 'ANNISA ADITSANIA', 'TSA', 310, 'Label 24', 'Quiz 723', 123),
(12, '07820019-1', 'ANAK AGUNG GDE AGUNG', 'AAG', 294, 'File 9', 'Assigement 21', 77),
(13, '19895877-6', 'A INUN MUFLIKA', 'NMF', 636, 'Label 0', 'Quiz', 72),
(14, '16706040-6', 'AGUNG AGUSTRIANTO', 'GTO', 456, 'page 2', 'Assigement', 20);

-- --------------------------------------------------------

--
-- Table structure for table `user`
--

CREATE TABLE `user` (
  `id_pegawai` int(11) NOT NULL,
  `nama_lengkap` varchar(125) NOT NULL,
  `username` varchar(125) NOT NULL,
  `password` varchar(256) NOT NULL,
  `role_id` int(1) NOT NULL,
  `umur` int(11) NOT NULL,
  `image` varchar(125) NOT NULL,
  `qr_code_image` varchar(125) NOT NULL,
  `kode_pegawai` varchar(125) NOT NULL,
  `instansi` varchar(125) NOT NULL,
  `jabatan` varchar(125) NOT NULL,
  `npwp` varchar(255) NOT NULL,
  `tgl_lahir` varchar(25) NOT NULL,
  `tempat_lahir` varchar(25) NOT NULL,
  `jenis_kelamin` varchar(25) NOT NULL,
  `bagian_shift` int(11) NOT NULL,
  `is_active` int(1) NOT NULL,
  `qr_code_use` int(2) NOT NULL,
  `last_login` int(11) NOT NULL,
  `date_created` int(11) NOT NULL
) ENGINE=InnoDB DEFAULT CHARSET=latin1;

--
-- Dumping data for table `user`
--

INSERT INTO `user` (`id_pegawai`, `nama_lengkap`, `username`, `password`, `role_id`, `umur`, `image`, `qr_code_image`, `kode_pegawai`, `instansi`, `jabatan`, `npwp`, `tgl_lahir`, `tempat_lahir`, `jenis_kelamin`, `bagian_shift`, `is_active`, `qr_code_use`, `last_login`, `date_created`) VALUES
(12, 'Dedi Rosadi', 'admin', '$2y$10$nzEbq607iLUzhvlKWSmDOOLU7r8Y0GDnWxYxA45bF9ExcP.lvRykG', 1, 22, '3a402057537e1ea49401790aaf34d1d3.jpg', 'qr_code_20552011053.png', '973829271834', 'TELKOM UNIVERSITY', '20552011053', '2017', '2001-04-04', 'Subang', 'Laki - Laki', 1, 1, 1, 1671781394, 1670857167),
(47, 'Dedi Rosadi', 'dedi', '$2y$10$XRXong6z3evF2IG41qanPud4..ii8C/0rO/Ypr9f4MAGzS1qbNe6.', 2, 21, '24eba96bab2559d9b4fea156554f1bb1.png', 'qr_code_148296679305713.png', '148296679305713', 'TELKOM UNIVERSITY', '21552011076', '2020', '2001-04-04', 'Subang', 'Laki - Laki', 1, 1, 1, 0, 1671366109);

-- --------------------------------------------------------

--
-- Table structure for table `users`
--

CREATE TABLE `users` (
  `id` int(11) NOT NULL,
  `faculty_id` varchar(20) NOT NULL,
  `program_id` varchar(20) NOT NULL,
  `semester_id` varchar(20) NOT NULL,
  `nama` varchar(25) NOT NULL,
  `kelas` varchar(20) NOT NULL,
  `activity` varchar(20) NOT NULL,
  `total` varchar(20) NOT NULL
) ENGINE=InnoDB DEFAULT CHARSET=latin1;

--
-- Indexes for dumped tables
--

--
-- Indexes for table `activity`
--
ALTER TABLE `activity`
  ADD PRIMARY KEY (`Id`);

--
-- Indexes for table `admin`
--
ALTER TABLE `admin`
  ADD PRIMARY KEY (`users`);

--
-- Indexes for table `agenda`
--
ALTER TABLE `agenda`
  ADD PRIMARY KEY (`id`);

--
-- Indexes for table `calendar`
--
ALTER TABLE `calendar`
  ADD PRIMARY KEY (`id`);

--
-- Indexes for table `customers`
--
ALTER TABLE `customers`
  ADD PRIMARY KEY (`id`),
  ADD UNIQUE KEY `faculty_id` (`faculty_id`),
  ADD UNIQUE KEY `program_id` (`program_id`),
  ADD UNIQUE KEY `course_id` (`course_id`);

--
-- Indexes for table `db_absensi`
--
ALTER TABLE `db_absensi`
  ADD PRIMARY KEY (`id_absen`);

--
-- Indexes for table `db_rememberme`
--
ALTER TABLE `db_rememberme`
  ADD PRIMARY KEY (`id_session`);

--
-- Indexes for table `tb_activity`
--
ALTER TABLE `tb_activity`
  ADD PRIMARY KEY (`activity`);

--
-- Indexes for table `tb_faculty`
--
ALTER TABLE `tb_faculty`
  ADD PRIMARY KEY (`faculty_id`);

--
-- Indexes for table `tb_jadwal`
--
ALTER TABLE `tb_jadwal`
  ADD PRIMARY KEY (`id`);

--
-- Indexes for table `tb_kelas`
--
ALTER TABLE `tb_kelas`
  ADD PRIMARY KEY (`id`),
  ADD UNIQUE KEY `prodi_id` (`program_id`),
  ADD UNIQUE KEY `semester_id` (`semester_id`),
  ADD UNIQUE KEY `activity` (`activity`),
  ADD UNIQUE KEY `faculty_id` (`faculty_id`),
  ADD UNIQUE KEY `nama` (`nama`),
  ADD UNIQUE KEY `kelas` (`kelas`),
  ADD UNIQUE KEY `total_activity` (`total`);

--
-- Indexes for table `tb_nilai`
--
ALTER TABLE `tb_nilai`
  ADD PRIMARY KEY (`IdMhsw`);

--
-- Indexes for table `tb_prodi`
--
ALTER TABLE `tb_prodi`
  ADD PRIMARY KEY (`program_id`),
  ADD UNIQUE KEY `faculty_id` (`faculty_id`),
  ADD UNIQUE KEY `nama` (`nama`),
  ADD UNIQUE KEY `kelas` (`kelas`);

--
-- Indexes for table `tb_semester`
--
ALTER TABLE `tb_semester`
  ADD PRIMARY KEY (`semester_id`),
  ADD UNIQUE KEY `nama` (`nama`) USING BTREE;

--
-- Indexes for table `tb_supplier`
--
ALTER TABLE `tb_supplier`
  ADD PRIMARY KEY (`id_supplier`);

--
-- Indexes for table `user`
--
ALTER TABLE `user`
  ADD PRIMARY KEY (`id_pegawai`);

--
-- Indexes for table `users`
--
ALTER TABLE `users`
  ADD PRIMARY KEY (`id`),
  ADD UNIQUE KEY `faculty_id` (`faculty_id`),
  ADD UNIQUE KEY `program_id` (`program_id`),
  ADD UNIQUE KEY `semester_id` (`semester_id`),
  ADD UNIQUE KEY `kelas` (`kelas`),
  ADD UNIQUE KEY `nama` (`nama`),
  ADD UNIQUE KEY `activity` (`activity`),
  ADD UNIQUE KEY `total` (`total`);

--
-- AUTO_INCREMENT for dumped tables
--

--
-- AUTO_INCREMENT for table `admin`
--
ALTER TABLE `admin`
  MODIFY `users` int(11) NOT NULL AUTO_INCREMENT, AUTO_INCREMENT=2;

--
-- AUTO_INCREMENT for table `calendar`
--
ALTER TABLE `calendar`
  MODIFY `id` int(11) NOT NULL AUTO_INCREMENT, AUTO_INCREMENT=76;

--
-- AUTO_INCREMENT for table `customers`
--
ALTER TABLE `customers`
  MODIFY `id` int(10) UNSIGNED NOT NULL AUTO_INCREMENT, AUTO_INCREMENT=201;

--
-- AUTO_INCREMENT for table `db_absensi`
--
ALTER TABLE `db_absensi`
  MODIFY `id_absen` bigint(20) NOT NULL AUTO_INCREMENT, AUTO_INCREMENT=12;

--
-- AUTO_INCREMENT for table `db_rememberme`
--
ALTER TABLE `db_rememberme`
  MODIFY `id_session` int(11) NOT NULL AUTO_INCREMENT;

--
-- AUTO_INCREMENT for table `tb_jadwal`
--
ALTER TABLE `tb_jadwal`
  MODIFY `id` int(11) NOT NULL AUTO_INCREMENT, AUTO_INCREMENT=6;

--
-- AUTO_INCREMENT for table `tb_kelas`
--
ALTER TABLE `tb_kelas`
  MODIFY `id` int(11) NOT NULL AUTO_INCREMENT, AUTO_INCREMENT=30;

--
-- AUTO_INCREMENT for table `tb_nilai`
--
ALTER TABLE `tb_nilai`
  MODIFY `IdMhsw` int(11) NOT NULL AUTO_INCREMENT, AUTO_INCREMENT=19;

--
-- AUTO_INCREMENT for table `tb_supplier`
--
ALTER TABLE `tb_supplier`
  MODIFY `id_supplier` int(10) NOT NULL AUTO_INCREMENT, AUTO_INCREMENT=18;

--
-- AUTO_INCREMENT for table `user`
--
ALTER TABLE `user`
  MODIFY `id_pegawai` int(11) NOT NULL AUTO_INCREMENT, AUTO_INCREMENT=48;

--
-- AUTO_INCREMENT for table `users`
--
ALTER TABLE `users`
  MODIFY `id` int(11) NOT NULL AUTO_INCREMENT, AUTO_INCREMENT=13;

--
-- Constraints for dumped tables
--

--
-- Constraints for table `tb_kelas`
--
ALTER TABLE `tb_kelas`
  ADD CONSTRAINT `tb_kelas_ibfk_1` FOREIGN KEY (`program_id`) REFERENCES `tb_prodi` (`program_id`) ON DELETE CASCADE ON UPDATE CASCADE,
  ADD CONSTRAINT `tb_kelas_ibfk_2` FOREIGN KEY (`semester_id`) REFERENCES `tb_semester` (`semester_id`) ON DELETE CASCADE ON UPDATE CASCADE,
  ADD CONSTRAINT `tb_kelas_ibfk_4` FOREIGN KEY (`kelas`) REFERENCES `tb_prodi` (`kelas`) ON DELETE CASCADE ON UPDATE CASCADE,
  ADD CONSTRAINT `tb_kelas_ibfk_5` FOREIGN KEY (`faculty_id`) REFERENCES `tb_prodi` (`faculty_id`) ON DELETE CASCADE ON UPDATE CASCADE,
  ADD CONSTRAINT `tb_kelas_ibfk_6` FOREIGN KEY (`activity`) REFERENCES `tb_activity` (`activity`) ON DELETE CASCADE ON UPDATE CASCADE,
  ADD CONSTRAINT `tb_kelas_ibfk_7` FOREIGN KEY (`nama`) REFERENCES `tb_prodi` (`nama`) ON DELETE CASCADE ON UPDATE CASCADE;

--
-- Constraints for table `tb_prodi`
--
ALTER TABLE `tb_prodi`
  ADD CONSTRAINT `tb_prodi_ibfk_1` FOREIGN KEY (`faculty_id`) REFERENCES `tb_faculty` (`faculty_id`) ON DELETE CASCADE ON UPDATE CASCADE;
COMMIT;

/*!40101 SET CHARACTER_SET_CLIENT=@OLD_CHARACTER_SET_CLIENT */;
/*!40101 SET CHARACTER_SET_RESULTS=@OLD_CHARACTER_SET_RESULTS */;
/*!40101 SET COLLATION_CONNECTION=@OLD_COLLATION_CONNECTION */;
